Gene	Glucose_fg_cell	Chemostat_mu_0_5
rpoC	7.15E-01	1.23E+00
rpoB	9.89E-01	1.31E+00
acnB	1.18E+00	2.44E+00
purL	5.76E-01	5.36E-01
gltB	7.75E-01	6.29E-01
aceE	9.62E-01	9.73E-01
adhE	7.74E-01	1.65E+00
tufA	1.81E+01	1.30E+01
metE	7.25E+00	3.82E+00
groL	2.16E+00	2.47E+00
carB	8.69E-01	5.87E-01
pflB	6.54E-01	9.47E-01
dnaK	2.13E+00	1.78E+00
ilvC	2.99E+00	2.41E+00
infB	4.03E-01	5.06E-01
ppc	5.97E-01	7.05E-01
fusA	5.02E+00	3.16E+00
alaS	3.10E-01	2.75E-01
glyS	3.71E-01	3.42E-01
maeB	6.41E-02	3.87E-01
rpsA	2.41E+00	1.85E+00
leuS	2.98E-01	2.62E-01
thrA	8.43E-01	1.17E+00
sucA	2.97E-01	6.35E-01
ileS	3.75E-01	2.85E-01
aldA	3.04E-01	1.65E+00
aceF	9.93E-01	7.75E-01
dppA	4.94E-01	1.01E+00
pheT	7.28E-01	9.21E-01
aspS	2.48E-01	2.55E-01
valS	3.09E-01	2.33E-01
secA	1.20E-01	1.58E-01
icd	2.56E+00	2.32E+00
atpD	2.02E+00	2.01E+00
gyrA	1.21E-01	1.86E-01
katG	2.92E-01	4.38E-01
pepN	2.13E-01	2.23E-01
aceA	2.22E+00	8.63E+00
pykF	7.49E-01	5.98E-01
putA	3.06E-02	4.03E-02
fumA	1.35E-01	4.71E-01
tsf	1.00E+00	5.44E-01
ptsI	1.07E+00	7.33E-01
htpG	2.48E-01	2.30E-01
argG	6.89E-01	3.55E-01
katE	1.65E-01	2.24E-01
glpK	4.63E-02	7.92E-02
tig	1.99E+00	1.18E+00
pgi	4.70E-01	3.85E-01
pnp	4.06E-01	6.10E-01
pta	1.47E-01	1.94E-01
bamA	3.05E-01	2.18E-01
sdhA	2.23E-01	6.78E-01
acs	1.19E-01	8.75E-01
ppsA	1.68E-01	2.69E-01
guaA	3.77E-01	2.31E-01
lon	1.65E-01	2.11E-01
mukB	5.61E-02	8.26E-02
pgk	2.73E+00	2.11E+00
oppA	5.81E-01	6.69E-01
glyA	1.84E+00	9.97E-01
aceB	4.39E-01	1.15E+00
rne	1.66E-01	2.51E-01
yjjK	2.66E-01	2.69E-01
ftsZ	4.06E-01	2.42E-01
gyrB	1.26E-01	1.45E-01
thrS	1.15E-01	1.68E-01
gdhA	5.11E-01	6.49E-01
nuoG	1.55E-01	2.51E-01
gapA	2.77E+00	2.00E+00
purH	2.59E-01	2.15E-01
acnA	9.65E-02	1.59E-01
polA	7.52E-02	7.87E-02
tnaA	5.37E-02	1.89E-01
nuoC	1.06E-01	1.97E-01
cysI	3.20E-01	2.09E-01
gltA	7.70E-01	2.52E+00
glnA	1.54E+00	9.88E-01
aldB	5.50E-02	1.31E-01
leuA	2.58E-01	3.52E-01
glcB	3.77E-02	1.12E-01
dld	6.52E-02	7.07E-02
ompA	7.38E+00	7.62E+00
atpA	1.33E+00	1.51E+00
rplB	7.03E-01	8.63E-01
proS	4.57E-01	4.00E-01
glmS	4.47E-01	3.29E-01
iscS	1.02E+00	9.31E-01
prlC	1.73E-01	1.21E-01
nrdA	7.70E-02	1.40E-01
ahpF	2.27E-01	1.89E-01
glpD	1.27E-02	9.75E-03
guaB	9.70E-01	6.04E-01
rho	2.53E-01	2.17E-01
ftsH	2.62E-01	2.75E-01
metK	8.70E-01	5.35E-01
cysJ	3.65E-01	2.20E-01
mdh	2.85E+00	3.83E+00
livJ	1.49E+00	1.92E+00
gnd	1.20E+00	7.01E-01
rpoA	8.83E-01	9.77E-01
nusA	5.08E-01	3.36E-01
copA	4.04E-01	4.21E-01
mglB	1.91E-01	1.23E+00
lysS	2.45E-01	2.29E-01
metG	2.63E-01	1.90E-01
metH	9.50E-02	7.81E-02
cysK	4.19E+00	3.17E+00
fbaA	1.30E+00	8.84E-01
ydgA	1.10E-01	1.21E-01
typA	3.37E-01	1.53E-01
fhuA	1.19E-01	1.54E-01
ppiD	1.19E-01	1.34E-01
rnb	1.52E-01	1.09E-01
glnS	1.05E-01	8.57E-02
lpdA	1.06E+00	1.15E+00
talB	6.21E-01	5.82E-01
thrC	1.14E+00	6.85E-01
yeaG	6.41E-02	1.10E-01
pgm	1.30E-01	1.47E-01
pepA	9.79E-02	1.50E-01
fadB	2.29E-02	1.14E-01
prc	6.43E-02	5.37E-02
cysN	1.33E-01	1.34E-01
pyrB	5.08E-01	1.15E+00
yahK	9.28E-02	1.10E-01
asnS	4.82E-01	3.81E-01
serS	2.03E-01	1.65E-01
malE	1.54E-01	9.74E-01
ilvD	1.30E-01	9.15E-02
surA	1.22E-01	8.07E-02
rnr	3.83E-02	7.60E-02
ydiJ	4.34E-02	5.16E-02
rpsB	1.29E+00	9.25E-01
cirA	7.05E-02	4.50E-02
aspC	5.05E-01	5.73E-01
sucD	3.42E-01	7.64E-01
sucC	4.27E-01	1.06E+00
pyrC	2.89E-01	2.19E-01
ptsG	2.33E-01	7.90E-01
gltX	2.29E-01	1.44E-01
degP	2.73E-01	1.07E-01
argH	2.41E-01	1.27E-01
lptD	7.79E-02	5.56E-02
gatY	2.52E-01	1.15E+00
topA	5.73E-02	6.56E-02
asnB	1.20E-01	1.08E-01
argS	1.01E-01	5.89E-02
clpA	7.40E-02	8.68E-02
bglX	2.18E-02	1.56E-02
fabB	9.52E-01	9.00E-01
purA	5.39E-01	6.60E-01
pheS	3.10E-01	2.39E-01
clpX	2.50E-01	1.79E-01
gpmI	2.48E-01	1.59E-01
hslU	1.12E-01	1.06E-01
accC	1.48E-01	1.04E-01
fadE	1.28E-02	6.16E-02
pyrG	9.62E-02	7.08E-02
sdhB	1.10E-01	1.75E-01
trpE	1.04E-01	1.49E-01
gatZ	1.10E-01	2.97E-01
maeA	5.54E-02	5.59E-02
mfd	1.58E-02	2.22E-02
ilvB	1.83E-01	2.07E-01
gltD	2.56E-01	1.23E-01
fliY	5.49E-01	4.27E-01
serC	1.20E+00	5.06E-01
tolC	4.35E-01	2.92E-01
sucB	3.83E-01	4.45E-01
rplE	1.07E+00	7.04E-01
talA	8.55E-02	5.71E-02
pckA	1.14E-01	5.49E-01
zwf	1.14E-01	9.21E-02
accA	2.24E-01	1.64E-01
lysC	3.00E-01	1.27E-01
hflK	1.02E-01	9.98E-02
pdxB	5.06E-02	3.95E-02
plsB	2.92E-02	4.01E-02
cusA	6.78E-02	6.41E-02
xylA	2.15E-02	1.75E-02
tyrA	9.88E-02	7.28E-02
eno	2.74E+00	1.82E+00
ompT	8.20E-01	6.07E-01
argT	2.86E-01	5.64E-01
fepA	5.09E-02	1.76E-02
fiu	2.75E-02	1.49E-02
nadE	2.00E-01	1.33E-01
tktA	4.65E-01	4.06E-01
pepB	2.42E-01	2.97E-01
deoD	1.19E-01	1.31E-01
yqhD	7.34E-02	4.68E-02
ygfZ	9.64E-02	9.57E-02
dcp	7.60E-02	6.24E-02
pmbA	1.04E-01	6.29E-02
sthA	3.80E-02	1.75E-01
uvrA	2.19E-02	2.45E-02
prpC	3.36E-02	1.78E-02
ompF	1.57E+00	2.92E+00
rplA	1.17E+00	6.97E-01
rbsB	2.59E-01	8.21E-01
gltI	2.74E-01	2.72E-01
mtlA	6.43E-02	1.87E-01
hldD	1.68E-01	1.17E-01
mreB	2.01E-01	2.09E-01
acrA	1.70E-01	1.18E-01
fabI	2.32E-01	1.77E-01
argD	2.85E-01	2.00E-01
trpB	3.83E-01	2.25E-01
bamC	1.07E-01	6.11E-02
gor	7.98E-02	7.64E-02
purB	1.65E-01	1.56E-01
hisS	1.47E-01	9.16E-02
pfkA	8.37E-02	8.13E-02
gcvP	5.84E-02	7.73E-02
malP	4.12E-02	8.48E-02
lamB	7.47E-02	2.47E-01
entF	1.01E-02	8.35E-03
leuC	2.29E-01	1.81E-01
metL	5.06E-02	4.81E-02
nuoF	3.22E-02	7.70E-02
ompC	2.25E+00	8.83E-01
yncE	2.22E-01	1.39E-01
tpiA	3.33E-01	4.17E-01
rpsC	6.87E-01	8.82E-01
aroG	4.21E-01	3.09E-01
deoB	7.45E-02	9.77E-02
adk	2.07E-01	1.23E-01
manX	1.33E-01	6.99E-01
cysP	2.44E-01	1.40E-01
pykA	1.62E-01	1.68E-01
glmM	8.58E-02	1.14E-01
gabD	6.16E-02	1.34E-01
ndh	5.20E-02	5.14E-02
metF	2.41E-01	1.35E-01
speA	1.59E-01	1.11E-01
lepA	8.26E-02	9.92E-02
ffh	7.64E-02	6.08E-02
secD	4.75E-02	5.95E-02
lpoA	5.92E-02	4.80E-02
rhlB	3.88E-02	4.18E-02
rapA	1.53E-02	1.92E-02
yhgF	2.39E-02	2.95E-02
kbl	1.23E-02	7.38E-03
dps	1.46E-01	1.32E-01
rpsG	1.79E+00	1.12E+00
serA	8.32E-01	7.10E-01
asd	9.14E-01	5.29E-01
fbaB	1.37E-01	2.27E-01
pgl	1.09E-01	1.96E-01
rpsD	5.30E-01	6.11E-01
efeO	4.34E-02	4.86E-02
agp	3.80E-02	9.33E-02
kdsA	1.35E-01	1.70E-01
galU	8.85E-02	8.29E-02
minD	1.36E-01	1.43E-01
dacC	7.14E-02	7.52E-02
cyoA	1.51E-01	1.97E-01
purT	1.67E-01	9.97E-02
pepQ	1.03E-01	1.11E-01
mdoG	9.54E-02	9.33E-02
proA	6.99E-02	6.89E-02
btuB	7.67E-02	4.84E-02
yajO	2.81E-02	2.57E-02
gabT	4.55E-02	1.24E-01
prfC	8.15E-02	4.26E-02
pssA	2.59E-02	5.11E-02
corC	1.19E-02	2.29E-02
proB	4.40E-02	4.06E-02
yfhM	8.69E-03	1.99E-02
ggt	1.76E-02	2.12E-02
prpD	8.36E-03	8.10E-03
upp	8.71E-01	6.07E-01
rplC	6.09E-01	4.49E-01
prs	4.22E-01	3.90E-01
grpE	2.13E-01	1.80E-01
hisJ	5.08E-01	3.49E-01
pepD	2.11E-01	2.37E-01
dapD	5.45E-01	2.88E-01
ackA	2.20E-01	1.44E-01
udp	7.77E-02	1.79E-01
bfr	1.05E-01	1.55E-01
argE	1.51E-01	9.18E-02
phoP	1.26E-01	1.15E-01
aspA	9.57E-03	7.12E-02
atpG	1.21E-01	1.28E-01
ydgH	1.53E-01	1.22E-01
hisG	2.23E-01	1.09E-01
ilvI	4.60E-02	4.72E-02
glmU	3.34E-02	4.10E-02
pepP	5.10E-02	6.72E-02
fumC	4.17E-02	1.14E-01
cusB	1.71E-01	9.65E-02
deoA	1.06E-02	8.14E-03
bglA	3.39E-02	2.53E-02
ispG	3.98E-02	2.21E-02
pncB	4.51E-02	3.65E-02
fdoG	2.44E-03	2.61E-03
metQ	1.46E+00	8.32E-01
luxS	2.22E-01	1.63E-01
rpsF	4.54E-01	3.43E-01
rpsE	5.27E-01	4.10E-01
glnH	3.05E-01	4.85E-01
tktB	9.13E-02	1.07E-01
galF	2.65E-01	1.78E-01
dapB	1.47E-01	6.99E-02
mtlD	4.95E-02	5.22E-02
pntB	2.41E-01	3.01E-01
tyrS	1.80E-01	1.27E-01
hemL	2.19E-01	1.60E-01
pntA	1.76E-01	2.42E-01
dkgA	1.69E-02	2.41E-02
purD	1.61E-01	8.86E-02
map	7.19E-02	5.38E-02
gcd	6.23E-03	1.09E-02
recA	9.54E-02	1.47E-01
ghrB	1.05E-01	7.30E-02
yfbU	3.99E-02	4.11E-02
hldE	6.79E-02	4.88E-02
pyrD	9.42E-02	5.92E-02
yjgR	1.57E-02	1.61E-02
treA	6.95E-03	1.14E-02
tyrB	1.28E-01	1.08E-01
nagE	3.02E-02	1.41E-01
gshA	5.31E-02	3.14E-02
ligA	3.55E-02	3.90E-02
rfbB	6.79E-02	3.91E-02
miaB	8.61E-02	4.33E-02
srmB	2.49E-02	4.40E-02
murA	4.83E-02	3.89E-02
ubiE	4.33E-02	3.73E-02
dxs	3.35E-02	3.67E-02
tyrR	1.27E-02	2.13E-02
asnA	1.07E-01	6.39E-02
ilvA	1.30E-02	1.33E-02
rluC	9.09E-03	5.80E-03
gpmA	5.71E-01	4.25E-01
tabA	4.43E-01	4.64E-01
purC	3.67E-01	3.09E-01
ahpC	2.01E+00	1.79E+00
carA	6.36E-01	3.34E-01
deoC	5.35E-02	4.07E-02
sspA	1.90E-01	1.37E-01
bcp	2.22E-01	1.44E-01
tolB	1.29E-01	1.02E-01
trxB	2.55E-01	1.54E-01
codA	2.42E-01	2.22E-01
livK	1.73E-01	1.52E-01
acrB	5.32E-02	7.38E-02
crp	8.03E-02	1.12E-01
nusG	1.34E-01	9.67E-02
prfB	1.15E-01	9.36E-02
rpoD	7.55E-02	8.60E-02
trpA	2.09E-01	1.73E-01
galM	7.86E-02	7.40E-02
dacA	9.94E-02	6.62E-02
fabH	1.18E-01	8.08E-02
degQ	6.62E-02	6.99E-02
ychF	1.82E-01	1.15E-01
yceH	3.44E-02	3.16E-02
modA	3.43E-02	6.03E-02
ftsA	4.30E-02	4.54E-02
gcvT	4.41E-02	2.70E-02
hscA	6.39E-02	3.96E-02
ygiF	2.31E-02	2.68E-02
frsA	1.93E-02	1.32E-02
slt	9.74E-03	7.14E-03
deaD	6.55E-02	5.50E-02
aroF	1.34E-01	7.92E-02
thiI	1.80E-02	1.97E-02
glpA	1.39E-03	2.81E-03
yheS	6.67E-03	9.23E-03
malT	3.61E-03	3.36E-02
sodA	8.30E-01	9.01E-01
rplF	5.67E-01	4.87E-01
yeeX	4.29E-01	3.25E-01
potD	2.15E-01	1.78E-01
leuB	3.01E-01	3.58E-01
ydcL	5.95E-02	6.22E-02
artI	8.61E-02	1.14E-01
fabF	1.37E-01	1.35E-01
pfkB	5.05E-02	4.26E-02
wzzB	9.90E-02	8.05E-02
hisD	2.64E-01	1.30E-01
gmhA	1.16E-01	1.49E-01
fabG	1.98E-01	1.27E-01
ftsY	1.04E-01	7.64E-02
aroA	1.57E-01	6.11E-02
ydcS	5.78E-03	2.74E-02
folE	5.84E-01	2.38E-01
damX	6.98E-02	4.61E-02
acuI	6.32E-02	6.20E-02
dcrB	7.14E-02	4.22E-02
mlaC	6.23E-02	4.07E-02
hflC	8.06E-02	6.19E-02
manA	6.50E-02	6.49E-02
fbp	5.77E-02	5.98E-02
dnaJ	4.69E-02	4.55E-02
trpS	1.13E-01	6.78E-02
lysU	4.73E-02	4.17E-02
trpG	9.67E-02	1.29E-01
ugpB	9.08E-03	1.70E-02
hisC	1.44E-01	9.42E-02
yicC	3.91E-02	4.12E-02
gsiB	2.96E-02	2.33E-02
pheA	1.13E-01	1.44E-01
purR	5.23E-02	5.39E-02
cusC	1.23E-01	6.92E-02
prr	2.64E-02	8.22E-02
gpr	1.08E-02	3.35E-02
galE	3.84E-02	3.38E-02
glk	2.86E-02	5.96E-02
uvrB	1.70E-02	1.70E-02
tgt	5.98E-02	2.61E-02
galK	2.54E-02	3.64E-02
ycfP	2.79E-02	2.65E-02
dhaK	4.78E-02	6.32E-02
coaB	1.82E-02	3.25E-02
nadC	3.43E-02	2.34E-02
glf	5.96E-02	4.65E-02
ybiT	3.40E-02	1.94E-02
hsdM	3.40E-02	1.81E-02
oxyR	2.25E-02	2.13E-02
der	2.44E-02	3.18E-02
yegQ	2.25E-02	1.87E-02
mglA	2.37E-03	3.37E-02
crr	1.01E+00	7.94E-01
wrbA	1.83E-01	2.07E-01
ygaU	4.94E-02	1.06E-01
rpsH	5.19E-01	3.30E-01
infC	2.36E-01	2.00E-01
fkpA	2.72E-01	1.45E-01
uspE	8.56E-02	8.90E-02
atpH	2.47E-01	2.17E-01
frr	1.93E-01	1.11E-01
poxB	2.65E-02	4.44E-02
fabD	1.82E-01	9.18E-02
hslO	1.27E-01	1.00E-01
panB	1.21E-01	1.15E-01
panC	6.74E-02	5.81E-02
gshB	7.54E-02	6.02E-02
ushA	3.67E-02	3.50E-02
hisB	1.87E-01	1.07E-01
ybeZ	4.75E-02	4.72E-02
argB	2.88E-01	1.24E-01
sufD	1.96E-02	1.45E-02
ompR	3.76E-02	3.74E-02
fruB	1.98E-02	1.75E-02
amn	3.81E-02	4.36E-02
guaC	7.10E-02	7.38E-02
hemX	4.18E-02	3.20E-02
glgC	1.94E-02	3.45E-02
metC	1.53E-01	8.35E-02
selD	4.31E-02	4.21E-02
murE	4.53E-02	2.98E-02
cysS	4.77E-02	2.90E-02
metB	1.32E-01	8.34E-02
mnmE	2.38E-02	1.98E-02
araF	2.06E-03	6.97E-03
aroD	4.01E-02	2.03E-02
rmlA	3.44E-02	2.59E-02
flu	1.05E-02	5.59E-03
uxuA	2.94E-02	3.10E-02
frmA	3.59E-02	3.01E-02
gatC	4.66E-02	3.87E-01
nfnB	5.96E-02	3.67E-02
purF	7.22E-02	4.29E-02
ppk	8.06E-03	1.53E-02
cysH	8.63E-02	3.94E-02
cysA	4.80E-02	5.23E-02
cysD	7.59E-02	5.08E-02
glpQ	1.11E-02	7.30E-03
argA	2.71E-02	2.98E-02
rlmN	1.54E-02	1.57E-02
avtA	4.29E-02	2.87E-02
selB	5.56E-03	6.75E-03
tpx	7.30E-01	7.68E-01
hns	5.81E-01	8.94E-01
moaB	7.92E-02	6.81E-02
arcA	1.52E-01	1.68E-01
rplY	3.57E-01	2.25E-01
dksA	1.70E-01	1.60E-01
grxB	1.08E-01	7.43E-02
fadL	3.80E-02	1.31E-01
atpF	2.57E-01	2.17E-01
lrp	1.91E-01	2.71E-01
ihfA	8.80E-02	8.27E-02
uspF	3.66E-02	1.06E-01
rplK	2.75E-01	1.76E-01
uspG	3.10E-02	2.59E-02
rpsI	2.17E-01	1.98E-01
qorA	5.08E-02	5.29E-02
dapA	1.86E-01	1.59E-01
cysQ	4.13E-02	2.76E-02
stpA	1.75E-01	7.90E-02
yifE	1.23E-01	1.14E-01
ytfQ	5.65E-03	2.61E-02
yhcB	1.35E-01	1.07E-01
purU	1.22E-01	9.40E-02
ydfG	8.55E-02	8.80E-02
psd	9.66E-02	6.93E-02
ydbC	2.11E-02	3.51E-02
curA	4.13E-02	3.15E-02
ybiB	4.16E-02	3.60E-02
bamB	6.69E-02	5.09E-02
yghU	4.13E-02	4.69E-02
nagB	2.72E-02	4.46E-02
sufS	3.74E-02	2.48E-02
cysM	8.31E-02	6.32E-02
accD	9.18E-02	7.84E-02
ppiA	8.73E-02	3.87E-02
ybiC	1.05E-01	5.84E-02
fadD	1.55E-02	3.43E-02
proQ	9.95E-02	8.55E-02
bamD	6.33E-02	3.57E-02
yghA	7.81E-03	5.65E-03
sohB	2.70E-02	3.28E-02
trpC	6.58E-02	4.69E-02
argC	1.02E-01	6.82E-02
pepT	1.95E-02	2.14E-02
rdgC	3.16E-02	1.94E-02
gss	2.15E-02	9.10E-03
uxaC	1.28E-02	1.92E-02
ubiD	2.25E-02	4.52E-02
manZ	1.77E-02	1.32E-01
kdgR	2.72E-02	2.75E-02
dhaM	2.91E-02	1.34E-02
dppD	2.18E-02	3.09E-02
rsgA	2.43E-02	1.61E-02
cpdB	1.58E-02	2.90E-02
selA	1.52E-02	1.67E-02
glnD	2.14E-02	2.85E-02
ddlA	9.16E-03	5.40E-03
hflX	1.92E-02	2.10E-02
cysB	3.14E-02	2.70E-02
phoU	1.54E-02	1.87E-02
yfeX	2.68E-02	2.92E-02
nuoE	2.31E-02	3.32E-02
mdtE	8.84E-04	5.76E-04
hmp	1.08E-02	1.05E-02
yniC	2.09E-02	1.38E-02
relA	8.95E-03	1.39E-02
dppF	1.92E-02	3.54E-02
fdhE	2.15E-02	1.54E-02
lpp	6.75E-01	7.92E-01
uspA	9.99E-01	1.22E+00
pal	5.69E-01	5.87E-01
rpsJ	7.74E-01	3.10E-01
rplX	9.34E-01	5.64E-01
rplD	7.72E-01	5.63E-01
yajQ	3.06E-01	2.44E-01
rplQ	4.38E-01	2.62E-01
ppa	2.73E-01	1.93E-01
rpsM	5.09E-01	4.44E-01
ycaC	7.22E-02	7.22E-02
potF	2.05E-01	1.93E-01
rplN	1.59E-01	1.99E-01
artJ	4.16E-01	1.96E-01
hchA	3.25E-02	2.74E-02
dsbA	1.59E-01	1.03E-01
cyoB	1.18E-01	1.81E-01
folD	9.58E-02	7.19E-02
rpiA	1.05E-01	1.05E-01
ybaB	1.37E-01	9.87E-02
purM	1.56E-01	1.28E-01
ybhC	1.05E-01	7.01E-02
sseA	4.20E-02	5.49E-02
yidC	8.59E-02	1.10E-01
sufC	2.87E-02	1.64E-02
pyrF	6.58E-02	3.59E-02
yggX	6.25E-02	4.09E-02
cydA	3.33E-02	7.21E-02
sufB	2.42E-02	2.05E-02
ybeL	1.68E-02	1.20E-02
fmt	4.05E-02	3.25E-02
nlpA	9.11E-02	6.85E-02
lptB	7.27E-02	5.08E-02
murC	3.87E-02	2.51E-02
aroC	5.18E-02	4.69E-02
narL	4.92E-02	3.71E-02
btuE	3.93E-02	3.07E-02
suhB	6.96E-02	4.62E-02
yejK	5.22E-02	3.99E-02
pspA	3.95E-02	3.13E-02
ghrA	5.98E-02	5.58E-02
gstA	2.60E-02	2.92E-02
lsrF	4.64E-03	5.48E-03
thrB	3.31E-02	1.82E-02
murF	4.18E-02	3.28E-02
yhhX	2.73E-02	2.08E-02
ygdH	1.68E-02	2.09E-02
xthA	3.38E-02	2.13E-02
fadA	2.88E-02	3.92E-02
pstS	1.87E-02	1.87E-02
dsbC	6.04E-02	1.72E-02
rsmH	2.16E-02	1.34E-02
hdhA	8.75E-03	9.65E-03
aroK	6.84E-02	3.45E-02
gstB	2.46E-02	3.85E-02
nagC	9.15E-03	1.19E-02
ltaE	1.91E-02	2.32E-02
hemC	1.26E-02	9.29E-03
rsmI	1.99E-02	1.16E-02
hemY	1.08E-02	1.67E-02
mrcB	1.34E-02	1.71E-02
dadA	4.00E-03	1.52E-02
lexA	2.08E-02	1.99E-02
ubiG	5.88E-02	4.55E-02
ilvN	1.98E-02	4.69E-02
dnaB	1.80E-02	1.13E-02
fadJ	3.09E-03	3.42E-02
mdoB	1.10E-02	1.38E-02
yhbJ	1.25E-02	1.15E-02
leuD	1.91E-01	1.50E-01
uup	1.86E-02	1.71E-02
ydcJ	3.60E-03	5.71E-03
fadH	5.15E-03	1.67E-02
yaaA	3.94E-02	2.26E-02
hrpA	7.83E-03	9.10E-03
oppD	8.88E-03	1.10E-02
fadI	1.74E-03	9.54E-03
entC	1.37E-02	6.72E-03
mqo	1.46E-02	1.02E-03
dsdA	5.30E-03	2.28E-03
rimO	2.68E-02	1.31E-02
csiD	3.46E-03	2.04E-02
ydeN	1.42E-03	9.52E-03
nadA	2.33E-02	1.99E-02
fliC	2.60E-04	1.26E-02
osmY	3.67E-01	1.78E-01
ompX	6.92E-01	1.64E-01
rplJ	1.01E+00	6.64E-01
rplM	8.36E-01	5.60E-01
slyB	3.65E-01	2.38E-01
pyrI	5.41E-01	6.04E-01
osmE	9.18E-02	1.64E-01
atpC	2.53E-01	2.12E-01
fur	1.81E-01	1.45E-01
can	1.52E-01	8.95E-02
mscS	1.46E-01	1.73E-01
yccU	4.50E-02	3.23E-02
yieF	5.70E-02	6.57E-02
ybiS	1.92E-01	1.40E-01
rplS	1.20E-01	1.79E-01
yaeH	4.27E-02	5.51E-02
yeaD	1.17E-01	1.16E-01
cdd	1.34E-02	1.32E-02
elbB	4.86E-02	6.68E-02
lldD	1.05E-02	2.62E-02
mlaD	3.56E-02	2.24E-02
rcsB	1.09E-01	7.39E-02
mrp	8.72E-02	5.28E-02
glyQ	9.57E-02	7.03E-02
sbp	8.25E-02	3.93E-02
nagA	1.92E-02	2.41E-02
yihI	3.71E-02	3.09E-02
rsuA	6.48E-02	4.06E-02
nagD	5.71E-02	3.85E-02
yhbO	9.00E-03	9.24E-03
glgP	2.08E-02	3.40E-02
greA	7.16E-02	6.11E-02
speD	8.97E-02	3.95E-02
yceI	7.26E-02	3.57E-02
ilvH	4.57E-02	3.21E-02
metA	1.59E-01	5.29E-02
cueO	9.70E-02	6.79E-02
hpt	4.28E-02	2.25E-02
nrdB	3.24E-02	3.36E-02
ribC	2.90E-02	2.37E-02
yqjG	6.64E-03	4.27E-03
fre	2.80E-02	3.48E-02
iscU	2.16E-01	2.33E-01
yrdA	2.82E-02	7.03E-03
yidA	2.52E-02	1.08E-02
wbbI	4.94E-02	4.06E-02
glgX	1.35E-02	9.35E-03
msrB	3.33E-02	4.49E-02
ydbK	1.40E-02	1.33E-02
ygiC	2.88E-02	1.65E-02
entB	1.31E-02	4.44E-03
modF	2.10E-02	2.18E-02
mrcA	4.79E-03	5.63E-03
cusS	1.94E-02	1.77E-02
hscB	2.82E-02	1.98E-02
ftsN	1.02E-02	1.08E-02
znuA	2.43E-02	5.11E-03
gatD	7.96E-03	4.83E-02
mdtA	9.32E-03	5.15E-03
ucpA	5.62E-03	1.80E-02
rbsA	1.66E-03	8.24E-03
yhiI	1.15E-02	1.33E-02
rpoS	1.38E-02	1.99E-02
ycdX	1.07E-02	9.24E-03
livG	9.56E-03	2.21E-02
udk	7.77E-03	9.64E-03
xylB	4.19E-03	3.16E-03
ycbX	1.43E-02	1.08E-02
mnmG	9.65E-03	1.14E-02
xylF	5.57E-03	1.04E-02
lipA	2.62E-02	2.81E-02
pcnB	3.87E-03	7.22E-03
frdA	4.00E-03	9.39E-03
argI	4.93E-02	2.89E-02
nuoB	1.27E-02	1.82E-02
malK	5.93E-03	3.87E-02
bioB	2.35E-02	9.54E-03
oppF	3.52E-03	5.93E-03
osmC	1.90E-01	1.74E-01
rplL	1.26E+00	6.52E-01
rplI	9.12E-01	5.17E-01
efp	6.13E-01	3.86E-01
clpP	3.39E-01	2.47E-01
slyD	6.80E-01	4.73E-01
gadC	5.65E-03	5.93E-03
ilvE	1.48E-01	1.34E-01
yceF	8.42E-02	1.07E-01
ribE	1.97E-01	1.44E-01
rpoZ	1.55E-01	1.22E-01
ppiB	6.94E-02	6.01E-02
ybbN	1.42E-01	9.64E-02
ndk	2.99E-01	5.42E-01
yfiF	7.06E-02	6.12E-02
ycfD	5.80E-02	4.51E-02
speB	7.14E-02	5.22E-02
ybgF	6.48E-02	3.29E-02
dcyD	5.75E-02	4.47E-02
yedD	4.14E-02	3.27E-02
rpmD	8.98E-02	5.75E-02
ysgA	3.33E-02	6.72E-02
rpmB	1.46E-01	1.41E-01
apt	1.01E-01	4.90E-02
moeA	3.94E-02	2.34E-02
cstA	4.49E-02	5.49E-01
hisH	5.66E-02	2.96E-02
yniA	1.05E-02	1.25E-02
hisA	9.15E-02	4.27E-02
nusB	2.82E-02	2.41E-02
yeiP	1.26E-01	6.73E-02
proC	2.56E-02	3.32E-02
iciA	3.47E-02	2.31E-02
cobB	2.63E-02	2.47E-02
hemB	2.60E-02	2.00E-02
folC	2.75E-02	1.76E-02
pyrH	3.06E-02	2.87E-02
cbpA	7.48E-03	6.94E-03
tatB	1.98E-02	1.54E-02
yebF	3.69E-02	4.15E-02
ftnA	1.04E-01	3.74E-02
yfgM	3.73E-02	2.04E-02
prpB	1.21E-03	1.23E-03
kdsB	2.50E-02	1.56E-02
usg	2.75E-02	2.47E-02
rnc	2.77E-02	2.55E-02
rsmC	4.15E-02	2.58E-02
rpoN	2.67E-02	1.97E-02
nlpD	2.29E-02	1.51E-02
ppsR	1.51E-02	1.34E-02
ydhF	1.65E-02	3.27E-02
fdx	5.60E-02	3.86E-02
entA	6.17E-03	1.86E-03
grcA	2.13E-02	2.24E-02
nudE	1.97E-02	1.41E-02
ribA	1.12E-02	7.69E-03
ddpA	1.51E-03	3.11E-03
tdh	1.12E-02	1.32E-02
cra	9.34E-03	1.82E-02
spy	1.28E-02	1.14E-02
actP	3.97E-03	6.18E-02
ygiM	1.04E-02	3.76E-03
rlmL	1.33E-02	1.69E-02
pdxA	1.07E-02	6.68E-03
arcB	7.23E-03	9.04E-03
add	1.53E-02	1.55E-02
glnE	4.46E-03	1.01E-02
gldA	3.44E-03	3.01E-03
fruK	3.16E-03	6.40E-03
coaA	1.66E-02	9.62E-03
gpmB	1.46E-02	1.33E-02
tsaD	1.19E-02	6.91E-03
ybdH	4.72E-02	3.73E-02
rbsK	3.51E-03	1.05E-02
dusA	1.21E-02	7.17E-03
speC	1.13E-02	5.94E-03
malQ	8.41E-03	1.32E-02
ruvB	1.45E-02	9.59E-03
epd	6.92E-03	5.20E-03
treC	4.08E-04	5.43E-04
sdaB	3.03E-03	1.46E-03
nirB	4.69E-04	4.81E-04
elaB	1.36E-01	1.52E-01
rplV	1.01E+00	7.26E-01
groS	2.55E-01	2.43E-01
fldA	2.83E-01	1.86E-01
ridA	2.09E-01	2.54E-01
secB	4.79E-01	3.89E-01
skp	2.41E-01	2.00E-01
rpmE	1.06E-01	1.66E-01
ybgI	1.93E-01	2.02E-01
ihfB	9.46E-02	6.74E-02
pdxJ	2.82E-02	3.02E-02
rplO	1.73E-01	2.41E-01
mtnN	8.80E-02	9.25E-02
fabZ	1.39E-01	1.41E-01
rodZ	9.26E-02	8.48E-02
nfuA	1.31E-01	9.89E-02
ivy	4.77E-02	3.83E-02
mipA	1.54E-01	9.82E-02
ssb	1.14E-01	8.85E-02
yhhA	2.96E-03	2.75E-03
fabA	6.50E-02	8.05E-02
gpt	9.52E-02	8.90E-02
yiaF	7.30E-02	4.77E-02
ydjN	1.80E-01	2.32E-01
cpxR	4.07E-02	3.10E-02
lptA	3.61E-02	2.56E-02
metN	6.83E-02	8.29E-02
glgA	2.90E-02	4.99E-02
secY	5.24E-02	6.87E-02
rbfA	3.85E-02	2.69E-02
cmk	3.90E-02	2.31E-02
yebC	3.47E-02	2.51E-02
ldhA	3.43E-02	3.88E-02
ddlB	2.78E-02	2.07E-02
yqjH	2.08E-02	2.26E-02
fruA	1.65E-02	2.28E-02
gatB	1.09E-01	7.09E-01
otsA	1.77E-02	2.19E-02
slyA	2.13E-02	2.42E-02
loiP	2.02E-02	2.59E-02
ygiN	1.17E-02	8.70E-03
dnaN	3.88E-02	3.15E-02
entE	9.05E-03	4.44E-03
yfcD	4.79E-02	6.09E-02
hisF	4.85E-02	2.15E-02
yibN	3.55E-02	3.74E-02
solA	5.52E-02	2.76E-02
mprA	3.70E-02	2.33E-02
orn	1.76E-02	1.09E-02
corA	1.68E-02	3.05E-02
lysA	5.56E-02	5.64E-02
nfo	1.07E-02	9.84E-03
yeeZ	1.61E-02	1.20E-02
yjdC	1.89E-02	1.55E-02
iscR	2.21E-01	2.06E-01
yqfB	1.38E-02	1.79E-02
ribB	1.44E-02	1.03E-02
minE	3.49E-02	4.39E-02
dkgB	4.42E-03	4.21E-03
mnmA	3.40E-02	2.27E-02
rclA	1.45E-03	1.85E-03
gatA	1.59E-01	4.93E-01
speE	5.57E-02	2.98E-02
iadA	1.52E-02	7.56E-03
ftsE	1.01E-02	9.44E-03
potA	1.78E-02	1.73E-02
rlmJ	1.60E-02	7.72E-03
aroH	1.93E-02	1.10E-02
yhfA	1.05E-02	1.23E-02
cmoA	2.56E-02	1.60E-02
mdoH	1.36E-02	2.01E-02
lolB	1.00E-02	8.88E-03
yiiD	8.25E-03	1.10E-02
rluD	2.41E-02	1.69E-02
baeR	1.27E-02	6.23E-03
appA	7.09E-04	1.07E-03
rimM	2.65E-02	1.60E-02
truD	1.51E-02	9.25E-03
rlmB	2.07E-02	1.16E-02
glnG	1.12E-02	4.94E-03
parC	1.74E-02	1.83E-02
mgtA	1.08E-02	7.12E-03
purK	1.49E-02	8.94E-03
yciK	1.48E-02	8.99E-03
yjiA	9.74E-03	1.14E-02
ydcF	1.18E-02	8.92E-03
mepS	6.22E-02	5.47E-02
galT	9.91E-03	7.19E-03
mdaB	1.62E-02	2.04E-02
glpT	4.46E-03	5.90E-03
yecA	3.33E-02	2.76E-02
rob	5.61E-03	6.95E-03
fucO	2.79E-03	6.10E-03
livF	9.58E-03	9.02E-03
puuA	1.08E-02	2.70E-02
yigB	1.11E-02	6.89E-03
fadR	8.31E-03	1.04E-02
aroB	1.97E-02	1.36E-02
wecB	8.16E-03	3.60E-03
azoR	2.88E-02	2.63E-02
rihA	8.05E-03	1.84E-02
rstA	1.08E-02	5.25E-03
rihC	2.29E-03	1.58E-02
yfiQ	2.80E-03	7.97E-03
exbD	9.48E-03	5.41E-03
modE	6.33E-03	3.78E-03
dnaA	5.78E-03	8.54E-03
dapE	5.04E-03	5.51E-03
gutQ	3.09E-03	3.93E-03
cusR	3.91E-02	2.28E-02
rlmM	8.47E-03	5.03E-03
mdoD	9.70E-03	5.02E-03
ptrA	8.70E-03	4.43E-03
miaA	4.67E-03	1.91E-03
spoT	1.82E-03	5.05E-03
ftsK	8.02E-03	7.62E-03
dhaL	3.55E-03	3.03E-03
speG	3.28E-03	3.77E-03
puuC	1.02E-02	3.46E-02
yedE	1.72E-03	2.52E-02
truB	4.46E-03	4.43E-03
mukF	4.51E-03	4.52E-03
nanA	4.41E-03	7.11E-03
mrr	1.90E-03	3.14E-03
hyaB	1.25E-04	1.36E-04
trxA	4.10E-01	2.92E-01
slp	1.92E-02	2.43E-02
ygiW	3.88E-02	4.00E-02
ptsH	3.75E-01	3.11E-01
ybjP	4.23E-02	6.20E-02
rpsS	3.28E-01	2.01E-01
rpsU	4.00E-01	2.44E-01
clpB	1.89E-02	2.02E-02
eda	1.34E-01	1.07E-01
fklB	1.61E-01	1.00E-01
yggE	4.19E-02	4.22E-02
yajG	1.59E-01	1.35E-01
accB	7.12E-02	5.23E-02
yciO	2.72E-02	3.02E-02
sodB	1.49E-01	1.62E-01
sodC	1.01E-02	6.23E-03
zapB	1.73E-01	1.34E-01
seqA	4.57E-02	3.06E-02
proP	2.44E-02	1.18E-02
lsrB	5.19E-03	4.00E-03
cusF	5.99E-01	2.55E-01
yciF	8.32E-03	1.23E-02
yraP	2.50E-02	2.28E-02
yegP	7.70E-03	7.06E-03
yfcE	3.02E-02	2.32E-02
ptsN	2.56E-02	2.70E-02
engB	4.76E-02	2.95E-02
menB	2.93E-02	2.72E-02
tatA	3.97E-02	2.54E-02
kdgK	3.08E-02	2.59E-02
glnQ	3.09E-02	4.65E-02
gmk	1.71E-02	1.05E-02
amyA	1.02E-02	1.05E-02
gpsA	1.97E-02	1.97E-02
metJ	1.99E-02	1.29E-02
pitA	1.85E-02	1.63E-02
ypfJ	6.59E-03	6.54E-03
rlmI	1.27E-02	1.24E-02
pdxH	1.28E-02	1.24E-02
yigL	4.21E-02	3.18E-02
secF	2.73E-02	4.65E-02
bioA	1.09E-02	8.77E-03
ansA	3.41E-02	2.27E-02
exbB	3.57E-02	3.55E-02
ydeI	2.57E-03	1.81E-03
lolD	2.11E-02	1.42E-02
moaC	9.15E-03	5.13E-03
yajL	1.27E-02	1.25E-02
cysE	1.94E-02	2.32E-02
yibF	2.38E-02	1.53E-02
yiaD	1.27E-02	1.80E-03
yfcH	5.16E-03	6.02E-03
rimP	1.68E-02	1.11E-02
pth	2.56E-02	1.38E-02
obgE	3.00E-02	2.40E-02
cydC	8.02E-03	1.42E-02
yjgA	5.89E-03	4.57E-03
eco	6.47E-03	6.60E-03
bepA	1.58E-02	9.27E-03
rcnR	8.29E-03	4.35E-03
nnr	4.36E-03	7.70E-03
rfbD	4.13E-02	2.91E-02
kgtP	9.71E-03	2.57E-02
rcsD	5.42E-03	9.30E-03
yihD	4.27E-02	2.87E-02
ribD	1.30E-02	8.96E-03
yqiC	2.84E-02	1.88E-02
mppA	6.70E-03	9.44E-03
crl	5.09E-02	3.67E-02
yhjJ	1.07E-02	4.82E-03
msbA	1.62E-02	1.62E-02
yhhW	3.54E-03	2.89E-03
mug	7.47E-03	5.89E-03
astC	3.21E-03	6.74E-03
ydhQ	6.04E-03	5.47E-03
ybdK	3.68E-03	3.83E-03
yjiY	1.79E-03	1.05E-03
rdgB	2.36E-02	1.35E-02
iaaA	3.71E-03	3.69E-03
cysC	3.09E-02	1.65E-02
ribF	9.22E-03	1.04E-02
glpX	1.11E-02	5.31E-03
yadG	1.56E-02	1.58E-02
alaC	7.14E-03	7.70E-03
folP	1.13E-02	9.24E-03
ydhS	4.26E-03	7.93E-03
lepB	8.76E-03	8.07E-03
nuoI	1.00E-02	1.21E-02
yebE	1.89E-02	4.83E-03
tar	1.51E-04	2.95E-03
ptsP	5.87E-03	9.97E-03
dadX	1.79E-03	3.86E-03
yfcF	7.71E-03	3.69E-03
ybfF	9.61E-03	8.14E-03
cydD	6.49E-03	8.98E-03
yggS	8.89E-03	6.06E-03
ycaO	4.76E-02	1.74E-02
sspB	1.07E-02	6.08E-03
yhjG	1.98E-03	4.58E-03
malM	1.27E-02	5.67E-02
ppx	2.97E-03	6.86E-03
yqgE	1.41E-02	6.55E-03
nrdR	6.03E-03	5.10E-03
pflA	8.84E-03	6.74E-03
ycfH	2.13E-03	1.77E-03
sppA	5.87E-03	8.85E-03
trmD	5.73E-03	3.28E-03
mntR	4.34E-03	3.39E-03
tonB	4.66E-03	4.15E-03
queF	3.18E-03	3.02E-03
envC	4.38E-03	4.28E-03
mutS	6.15E-03	6.64E-03
yagH	2.49E-03	2.77E-03
mscM	2.94E-03	2.85E-03
tmk	8.03E-03	4.61E-03
ycgL	2.37E-03	1.52E-03
rng	7.81E-03	8.27E-03
mscK	1.39E-03	1.65E-03
yceM	2.19E-03	2.66E-03
yeaK	1.30E-02	1.76E-02
ydcT	1.47E-03	2.29E-03
yqeF	1.30E-03	2.73E-03
JW58	2.94E-03	3.36E-03
hypB	1.24E-03	1.09E-03
lasT	2.92E-03	2.15E-03
garD	8.37E-04	8.07E-04
sgcX	3.28E-04	1.29E-04
alaA	7.59E-03	5.96E-03
yagE	2.31E-03	7.51E-03
proV	2.11E-03	1.91E-04
garR	1.34E-03	1.49E-03
nemA	6.50E-03	3.98E-03
cfa	5.17E-03	3.01E-03
hsdR	9.37E-04	1.61E-03
puuD	5.29E-03	9.96E-03
dgoD	6.59E-04	3.25E-04
nanK	3.28E-04	8.36E-04
fdoH	2.28E-04	1.37E-04
ybhA	1.76E-02	9.29E-03
hupA	2.10E+00	1.51E+00
rpsP	9.91E-01	5.85E-01
rplP	8.39E-01	8.91E-01
rpsT	4.63E-01	3.05E-01
ydjA	6.70E-02	6.08E-02
rpsK	2.47E-01	2.02E-01
grxC	6.45E-02	9.65E-02
rplU	1.41E-01	1.45E-01
raiA	4.56E-02	4.38E-02
rplR	1.30E-01	8.56E-02
rpsL	5.29E-02	1.64E-01
purE	1.06E-01	5.53E-02
yeeN	9.00E-02	4.70E-02
uspD	8.64E-03	6.06E-03
gntR	3.49E-02	2.58E-02
hinT	4.37E-02	4.67E-02
tsx	7.40E-02	6.54E-02
gloA	4.86E-02	4.98E-02
yibL	3.49E-02	5.79E-02
msrC	3.16E-02	4.06E-02
msrA	2.66E-02	1.55E-02
ybaK	1.47E-02	1.51E-02
ispF	4.16E-02	4.09E-02
ynhG	3.09E-02	1.65E-02
prmB	8.16E-02	5.04E-02
hfq	2.80E-02	2.41E-02
hisI	7.18E-02	2.71E-02
rcsF	1.83E-02	1.53E-02
lolA	2.67E-02	1.62E-02
grxD	1.37E-01	9.61E-02
yfbT	4.65E-02	3.70E-02
lpxA	4.54E-02	3.86E-02
tehB	8.38E-03	6.20E-03
ybhB	8.95E-03	5.45E-03
glnB	2.63E-02	2.86E-02
yceD	3.76E-02	2.33E-02
folX	2.76E-02	2.63E-02
tam	4.64E-03	7.69E-03
def	2.84E-02	7.24E-03
tldD	3.16E-02	1.69E-02
prmA	1.06E-02	6.00E-03
fhuE	2.51E-03	1.40E-03
mpl	2.92E-02	2.11E-02
moaE	1.29E-02	5.93E-03
glcG	3.38E-03	1.35E-02
ygjR	1.12E-02	1.68E-02
nlpI	1.67E-02	1.35E-02
pliG	1.20E-02	5.26E-03
bioD	1.76E-02	1.22E-02
smpB	1.00E-02	1.15E-02
proX	4.70E-02	2.53E-02
mlaA	1.60E-02	9.71E-03
tsaC	1.43E-02	1.01E-02
prkB	9.27E-03	1.56E-02
tsaE	2.55E-02	1.95E-02
mak	1.08E-02	1.08E-02
rsmG	1.59E-02	1.03E-02
ycbL	3.32E-02	1.87E-02
ytfE	2.60E-04	2.25E-04
rpoE	1.40E-02	8.09E-03
folA	8.80E-03	5.80E-03
osmF	6.40E-03	5.40E-03
yidR	8.23E-03	4.74E-03
queA	2.72E-02	1.23E-02
rbsD	4.49E-03	1.59E-02
yciE	9.71E-03	8.89E-03
ymdB	2.15E-03	3.44E-03
mtfA	2.16E-02	4.40E-02
ybhG	4.90E-03	5.16E-03
yeaH	1.67E-03	2.55E-03
fpr	8.47E-03	4.79E-03
yihX	4.92E-03	1.11E-02
zapD	1.38E-02	8.63E-03
frdB	7.41E-03	7.16E-03
ybaL	8.51E-03	1.72E-02
pcm	7.24E-03	5.82E-03
ispE	9.54E-03	7.69E-03
ycgM	4.05E-03	5.54E-03
yiiM	3.10E-03	2.40E-03
allR	9.98E-03	6.47E-03
rsmA	1.27E-02	5.22E-03
wzzE	9.15E-03	9.83E-03
nudC	7.22E-03	4.07E-03
helD	4.97E-03	7.62E-03
queC	1.30E-02	8.97E-03
ycbZ	4.21E-03	4.63E-03
ydcY	5.54E-03	3.36E-03
bioF	4.98E-03	4.96E-03
nupC	8.78E-03	1.96E-02
ravA	3.07E-03	5.52E-03
hisP	6.77E-03	5.41E-03
yggN	7.48E-03	4.52E-03
rseB	5.41E-03	3.22E-03
ibpA	9.50E-03	1.04E-02
murG	5.77E-03	5.55E-03
wecC	8.42E-03	4.40E-03
degS	4.59E-03	7.45E-03
xseA	2.98E-03	5.78E-03
yejM	2.68E-03	1.05E-02
yhjE	3.66E-02	3.45E-02
ppiC	1.84E-02	1.96E-02
macA	2.18E-03	4.54E-03
dctA	2.78E-03	1.93E-02
rsd	7.22E-03	1.10E-02
hemN	6.76E-03	4.82E-03
yrfF	5.45E-03	9.67E-03
eptC	5.86E-03	5.19E-03
yecJ	6.95E-03	5.66E-03
hemG	3.71E-03	5.02E-03
wbbK	4.40E-03	7.01E-03
queE	7.99E-03	4.91E-03
aphA	3.65E-03	5.66E-03
parE	4.59E-03	4.82E-03
yjaG	3.74E-03	3.17E-03
asmA	2.81E-03	5.40E-03
nadB	2.97E-03	2.51E-03
narP	9.82E-03	6.90E-03
puuE	3.07E-03	5.79E-03
nrdE	1.92E-03	3.29E-03
apaH	2.97E-03	1.95E-03
ung	4.82E-03	2.57E-03
yebT	1.60E-03	5.11E-03
murQ	2.02E-03	5.30E-03
emrA	3.14E-03	4.49E-03
nrdD	4.00E-03	8.48E-03
rffG	2.72E-03	9.62E-04
mukE	1.52E-02	1.37E-02
lpxB	2.18E-03	2.06E-03
bisC	4.39E-03	1.57E-03
kdsD	4.90E-03	6.08E-03
ybiU	4.39E-03	2.96E-03
yeiR	3.27E-03	1.24E-03
mhpR	5.92E-04	3.63E-03
cpxP	1.03E-02	3.09E-03
yceA	4.44E-03	1.13E-03
dmsA	2.09E-04	3.45E-04
alsB	1.03E-03	2.64E-03
pstB	5.45E-03	4.69E-03
hha	2.83E-03	6.16E-04
zntA	1.48E-03	2.78E-03
glnL	4.23E-03	1.34E-03
yqaB	5.49E-03	1.12E-03
ftsI	1.22E-03	1.69E-03
acpP	4.14E-01	3.17E-01
rpsO	5.63E-01	4.30E-01
yqjD	1.73E-01	2.07E-01
ybaY	1.49E-01	1.08E-01
yahO	6.60E-02	9.26E-02
rpmC	6.37E-01	3.77E-01
cspC	7.21E-01	6.24E-01
hupB	6.41E-01	5.99E-01
msyB	9.38E-02	1.14E-01
hdeB	1.50E-03	6.20E-03
rpmA	3.52E-01	2.41E-01
rpmG	2.95E-01	1.53E-01
rpmF	2.84E-01	1.65E-01
rpsQ	6.72E-02	2.37E-01
yjbJ	6.26E-03	4.76E-03
yagU	2.48E-02	4.98E-02
zipA	6.31E-02	5.78E-02
hpf	4.12E-02	3.53E-02
rpsN	1.93E-01	1.24E-01
mscL	3.49E-02	4.46E-02
rplT	8.00E-02	1.30E-01
nudK	8.98E-02	6.14E-02
rraA	4.49E-02	2.96E-02
glsA	3.01E-03	2.12E-03
yciI	3.72E-02	3.07E-02
ydhR	5.45E-02	5.68E-02
yccJ	3.62E-02	3.69E-02
infA	6.14E-02	3.63E-02
yoaB	3.84E-02	2.89E-02
lpoB	2.63E-02	2.19E-02
rplW	3.48E-02	2.78E-02
yjbR	9.31E-03	9.36E-03
ychN	4.25E-02	3.82E-02
artP	2.64E-02	1.82E-02
yceB	1.27E-02	1.10E-02
lptE	1.09E-02	7.46E-03
rlpA	1.81E-02	1.39E-02
cspE	2.12E-01	1.43E-01
yhbS	1.93E-02	1.81E-02
tas	1.55E-02	1.00E-02
glpF	2.26E-03	4.50E-03
trmB	2.01E-02	1.21E-02
ugpQ	8.85E-03	9.85E-03
zapA	1.70E-02	1.05E-02
tesB	1.27E-02	8.99E-03
yccX	2.01E-03	5.03E-03
nikR	1.35E-02	1.65E-02
yecC	1.72E-02	1.36E-02
erfK	3.95E-03	4.69E-03
xseB	1.36E-02	1.09E-02
yeaY	2.55E-03	1.56E-03
gph	3.35E-02	2.13E-02
yaeP	1.79E-02	2.26E-02
gloB	1.33E-02	1.16E-02
yaiA	4.26E-03	3.17E-03
csdE	5.17E-03	3.67E-03
glgB	1.06E-02	1.00E-02
tolQ	1.14E-02	1.18E-02
gmhB	1.12E-02	9.92E-03
fkpB	3.35E-02	2.72E-02
purN	1.77E-02	8.82E-03
ycdY	2.33E-02	1.16E-02
htpX	2.39E-02	2.23E-02
nanR	5.71E-03	3.65E-03
thyA	1.93E-02	1.48E-02
dsbG	5.94E-03	3.58E-03
rsmB	4.69E-03	5.19E-03
sstT	4.16E-03	2.75E-02
qorB	1.32E-02	1.09E-02
gcvR	1.12E-02	9.90E-03
fnr	2.82E-02	2.30E-02
pdxK	2.64E-03	1.20E-02
yicH	7.20E-03	7.90E-03
yeaO	4.89E-03	5.79E-03
ispH	1.29E-02	8.27E-03
tamA	3.88E-03	2.45E-03
mmuM	8.38E-03	3.79E-03
ydgJ	3.34E-03	3.51E-03
yedP	1.99E-03	2.32E-03
ybcJ	4.99E-03	4.93E-03
diaA	1.02E-02	6.92E-03
minC	7.02E-03	4.15E-03
yecM	9.88E-03	5.10E-03
yigI	3.03E-03	3.70E-03
trkA	3.55E-03	5.62E-03
prfA	1.55E-02	9.43E-03
sdaC	5.14E-03	5.53E-03
serB	1.09E-02	5.02E-03
cpxA	3.86E-03	4.08E-03
rna	2.48E-03	2.38E-03
lpxC	7.40E-03	5.57E-03
ymjA	4.70E-03	3.99E-03
ydiI	7.76E-03	4.79E-03
putP	6.95E-03	1.37E-02
ybeD	6.72E-02	5.80E-02
ytfB	7.57E-03	5.71E-03
yafJ	2.81E-03	2.74E-03
nagZ	8.16E-03	4.99E-03
aroL	2.16E-02	1.42E-02
dosC	6.53E-04	1.76E-03
nudF	5.44E-03	3.37E-03
ispD	2.87E-03	3.05E-03
pncC	2.53E-03	3.20E-03
yhbW	6.80E-03	2.72E-03
iscA	2.78E-02	2.03E-02
msbB	4.39E-03	3.95E-03
murI	3.44E-03	4.12E-03
rluB	6.17E-03	8.32E-03
pdhR	4.99E-03	2.96E-03
aroM	4.41E-03	3.66E-03
cca	4.93E-03	3.36E-03
uvrD	4.17E-03	7.18E-03
yfcL	7.46E-03	4.13E-03
eutB	2.64E-03	2.75E-03
codB	1.53E-02	2.14E-02
cspD	1.65E-02	6.14E-02
zur 	2.24E-03	4.51E-03
yeiE	6.63E-03	3.27E-03
radA	3.21E-03	3.68E-03
feaB	6.74E-04	2.88E-03
cutC	3.42E-03	2.07E-03
mlc	1.42E-03	4.67E-03
glcC	8.85E-04	2.78E-03
evgA	1.96E-03	7.78E-04
argF	9.12E-03	5.91E-03
ugpC	1.88E-03	3.43E-03
clsA	9.33E-04	3.66E-03
nfsA	9.39E-03	6.99E-03
gppA	5.49E-03	2.91E-03
ubiC	4.81E-03	4.61E-03
ydeJ	3.66E-04	4.75E-04
tsaB	4.39E-03	1.97E-03
ytfJ	1.50E-03	3.72E-03
pepE	5.69E-03	7.37E-03
mreC	3.38E-03	2.35E-03
nrdF	2.58E-03	1.51E-03
uvrY	4.87E-03	3.93E-03
glnP	1.38E-03	5.43E-03
potG	3.03E-03	4.16E-03
mutL	9.07E-04	3.10E-03
yihW	1.86E-03	2.76E-03
yecD	6.13E-04	1.88E-03
patA	2.82E-03	3.13E-03
nanE	8.84E-04	1.13E-03
paaX	6.47E-04	2.74E-03
yehS	9.84E-04	6.31E-04
narG	3.77E-05	1.18E-04
agaR	1.45E-03	1.11E-03
glpB	2.71E-04	6.19E-04
srlB	2.10E-04	1.79E-04
fucI	2.73E-04	1.14E-03
dinJ	4.04E-03	2.39E-03
ibpB	5.42E-04	6.74E-04
ubiI	1.23E-03	1.59E-03
melA	1.01E-03	2.43E-03
yciW	4.92E-03	4.19E-03
mog	1.66E-03	1.19E-03
birA	1.09E-03	9.87E-04
lrhA	1.01E-03	2.47E-03
trmH	1.03E-03	4.18E-04
modC	4.17E-04	2.17E-03
rhlE	2.04E-03	2.02E-04
xylG	8.70E-05	4.66E-05
rpsR	3.78E-01	3.08E-01
yggL	6.23E-02	5.29E-02
yjeI	1.63E-02	6.85E-02
yfcZ	3.28E-02	3.68E-02
yiiS	6.10E-03	6.39E-03
yifL	3.27E-02	2.61E-02
dut	8.47E-02	5.14E-02
secG	4.66E-02	3.33E-02
atpB	5.81E-02	1.42E-01
iraP	3.12E-02	5.65E-02
moaD	1.69E-02	7.47E-03
ygfB	3.42E-02	2.21E-02
yebY	2.86E-02	8.75E-03
hslV	1.48E-02	1.00E-02
gnsB	1.87E-02	1.75E-02
yidB	1.17E-02	1.20E-02
csrA	2.16E-02	1.15E-02
yodD	1.18E-03	1.07E-03
yebV	1.98E-02	2.11E-02
cpdA	8.73E-03	8.78E-03
ynfB	9.82E-03	8.04E-03
dcd	1.81E-02	1.58E-02
yfgD	4.98E-02	2.76E-02
yheO	2.32E-02	2.16E-02
nuoA	1.19E-02	3.27E-02
dcuA	1.51E-02	3.66E-02
fepB	4.35E-03	3.85E-03
ygaP	1.49E-02	1.33E-02
rlmE	8.37E-03	6.23E-03
cspA	2.91E-02	7.92E-03
kdsC	6.73E-03	7.02E-03
psiF	7.95E-04	8.18E-04
ycaR	2.22E-02	1.49E-02
tesA	6.58E-03	6.90E-03
yidQ	9.57E-03	4.42E-03
mlaB	1.10E-02	1.24E-02
kch	4.17E-03	2.89E-03
yfaY	9.42E-03	7.74E-03
otsB	6.68E-03	3.59E-03
yciN	1.06E-02	7.87E-03
yggT	7.45E-03	1.11E-02
sseB	2.07E-02	1.18E-02
aroE	5.91E-03	5.00E-03
yeiG	6.70E-03	1.22E-02
lptF	4.89E-03	8.34E-03
fucU	6.81E-03	1.08E-02
trmJ	1.16E-02	6.11E-03
blc	1.63E-03	2.26E-03
chbB	9.56E-03	1.45E-02
lpxD	5.09E-03	5.11E-03
frmR	6.25E-03	4.28E-03
tatC	1.02E-02	1.45E-02
cycA	1.54E-02	6.28E-02
gsk	3.67E-03	2.35E-03
gltL	3.64E-03	4.13E-03
cydB	3.00E-03	9.74E-03
slmA	5.74E-03	3.55E-03
coaE	2.68E-03	2.05E-03
trpR	3.42E-03	3.32E-03
panD	1.52E-02	7.03E-03
ldcA	5.97E-03	3.54E-03
ybhL	2.81E-03	3.31E-03
cmoB	7.66E-03	5.26E-03
eutL	3.70E-03	5.72E-03
yciT	3.76E-03	3.35E-03
lptG	5.83E-03	7.13E-03
ybiV	6.83E-03	3.73E-03
rsmE	6.10E-03	3.69E-03
trmA	6.00E-03	3.90E-03
yegH	2.13E-03	1.59E-03
yfdI	9.71E-03	1.37E-02
yhdE	7.29E-03	2.61E-03
ftsP	3.14E-03	1.70E-03
ldcC	7.69E-04	1.57E-03
mraZ	4.26E-03	3.93E-03
rfbC	8.89E-03	6.50E-03
lplA	3.92E-03	4.12E-03
rnk	1.08E-02	1.25E-02
adeP	7.10E-03	9.10E-03
livM	5.41E-03	1.05E-02
nlpE	3.18E-04	2.18E-03
prlF	1.44E-03	1.60E-03
cysG	2.46E-03	3.73E-03
lsrK	5.37E-04	1.17E-03
aroP	1.65E-02	1.90E-02
hdeD	7.13E-05	6.04E-05
yffB	2.84E-04	4.32E-04
fecA	2.22E-04	1.75E-04
gsiA	8.07E-04	1.58E-03
murD	6.33E-03	4.06E-03
pspE	2.21E-03	5.36E-03
yqjI	3.28E-03	2.66E-03
ygiB	4.94E-03	7.84E-03
yjjV	1.02E-03	3.13E-04
recR	2.77E-03	2.19E-03
rimL	2.55E-03	3.65E-03
ubiF	2.21E-03	3.04E-03
ftsX	2.15E-03	3.87E-03
rffA	5.46E-03	3.05E-03
ybiX	6.07E-04	2.65E-04
era	2.55E-03	1.94E-03
pldA	1.17E-03	8.87E-04
cobT	5.11E-03	3.82E-03
nadR	1.23E-03	1.83E-03
secE	3.44E-03	5.01E-03
dnaE	7.14E-04	1.36E-03
waaA	2.41E-03	4.56E-03
yffS	2.28E-03	1.96E-03
ubiX	2.14E-03	1.42E-03
mlaF	3.31E-03	1.98E-03
ybbP	1.57E-03	2.24E-03
plsC	1.95E-03	3.86E-03
dnaX	1.19E-03	1.37E-03
nuoH	7.98E-03	1.68E-02
yqgF	1.77E-03	1.76E-03
ade	5.22E-04	1.95E-03
rlmH	1.62E-03	6.82E-04
ynjE	1.34E-03	2.57E-03
dnaG	6.91E-04	1.74E-03
pdxY	4.42E-03	2.26E-03
dcm	1.80E-03	1.48E-03
hexR	1.31E-03	4.00E-03
ratB	2.27E-03	1.49E-03
hypE	9.40E-04	5.51E-04
ampC	1.34E-03	6.93E-04
oppB	2.53E-03	4.79E-03
hycI	3.07E-04	3.39E-04
murB	3.47E-03	1.82E-03
sad	1.41E-03	1.27E-03
fliG	3.37E-04	1.04E-03
mltA	1.64E-03	9.41E-04
yicI	1.09E-04	7.46E-05
yncD	7.54E-04	5.06E-04
adhP	1.54E-03	1.64E-03
arnB	1.04E-03	7.92E-04
ydcI	7.36E-03	1.47E-02
hsdS	1.64E-03	1.60E-03
menC	9.89E-04	3.99E-04
uxuB	1.73E-03	2.92E-03
amiA	3.97E-03	3.32E-03
dgoR	1.81E-03	3.50E-03
yojI	2.49E-04	3.01E-04
psuG	3.87E-04	3.34E-03
rlmA	6.64E-04	2.41E-04
paaY	2.62E-04	4.19E-04
sgcQ	4.99E-05	1.74E-06
ybdL	4.01E-03	3.32E-03
ydjY	5.36E-05	1.18E-04
aceK	3.48E-04	2.51E-03
rep	8.90E-04	1.55E-03
yigP	1.50E-03	2.62E-03
yedV	5.90E-04	3.49E-04
kefC	2.51E-04	1.19E-03
tauA	2.94E-04	2.78E-04
ybgK	5.88E-04	9.14E-04
nirD	2.00E-04	1.44E-04
yegD	1.77E-03	6.07E-04
yjbB	2.99E-04	9.01E-04
hybC	5.63E-04	7.03E-04
ylaC	4.39E-03	1.79E-03
yebO	7.88E-03	1.54E-03
hycA	1.91E-03	3.07E-04
narJ	4.75E-05	9.17E-05
pyrE	8.70E-04	1.81E-04
cheW	1.61E-04	1.33E-03
epmB	3.41E-03	1.11E-03
tsr	7.78E-06	1.28E-03
hdeA	4.12E-02	1.57E-01
rraB	5.02E-02	6.34E-02
rpmH	1.30E-01	8.74E-02
bamE	5.56E-02	4.02E-02
yajC	9.89E-02	6.45E-02
ygdI	1.96E-02	1.53E-02
ybgS	7.21E-03	3.86E-03
gadA	2.19E-03	9.22E-04
yjcE	5.58E-03	4.52E-02
mioC	1.09E-01	6.43E-02
ygaM	1.02E-02	2.54E-02
sra	2.91E-02	3.63E-02
ytfP	2.30E-02	1.35E-02
yaiE	2.28E-02	2.08E-02
bhsA	2.27E-03	1.25E-03
yibT	8.50E-03	3.67E-03
mgsA	2.44E-02	3.64E-02
gcvH	1.48E-02	9.70E-03
aidB	3.00E-04	1.06E-03
metI	2.32E-02	2.06E-02
rcnB	9.18E-03	8.74E-03
rof	1.16E-02	7.31E-03
bolA	5.55E-03	4.00E-03
yegS	2.22E-03	3.53E-03
erpA	7.23E-02	4.39E-02
yoaE	4.36E-03	7.03E-03
yaeR	3.33E-03	3.13E-03
gnsA	1.38E-02	8.84E-03
yhbY	5.03E-03	6.42E-03
oppC	5.25E-03	6.70E-03
fldB	2.25E-02	6.40E-03
creA	6.96E-03	6.72E-03
sdhC	2.04E-02	6.16E-02
yohF	3.20E-03	1.53E-03
phnB	7.26E-04	6.28E-04
thiL	5.97E-03	3.49E-03
trxC	6.63E-03	4.08E-03
amiD	2.80E-03	2.09E-03
gsiC	4.06E-03	5.11E-03
yccF	7.22E-03	1.06E-02
anmK	3.53E-03	4.50E-03
yhfG	2.69E-04	1.22E-04
pnuC	2.68E-03	2.74E-03
fsaA	4.21E-03	2.44E-03
phnA	1.85E-03	2.48E-03
pspB	4.61E-03	2.02E-03
addB	2.84E-03	2.50E-03
tolR	4.43E-03	2.43E-03
ydiH	6.85E-03	2.58E-03
surE	7.17E-03	4.97E-03
yddE	6.81E-03	3.71E-03
hslR	4.44E-04	1.28E-03
betB	7.50E-03	5.35E-03
sbcC	1.38E-03	1.97E-03
tsaA	2.84E-03	2.55E-03
cysU	1.30E-02	2.00E-02
hiuH	9.72E-03	3.43E-03
queD	6.45E-03	2.91E-03
glnK	1.17E-03	7.50E-05
rnt	9.24E-03	3.31E-03
yhjD	1.58E-03	2.23E-03
rsxG	3.28E-03	3.23E-03
yieP	6.83E-03	3.28E-03
yedF	9.82E-03	5.51E-02
sufA	8.72E-03	5.37E-03
hflD	6.28E-03	6.47E-03
fepC	5.73E-04	4.65E-04
lolC	2.08E-03	2.22E-03
glpR	3.49E-03	2.80E-03
lnt	4.47E-03	3.55E-03
mraY	1.35E-03	2.26E-03
ymbA	2.89E-03	1.66E-03
hslJ	6.14E-04	2.31E-04
cyoC	6.73E-04	2.87E-03
manY	5.03E-03	3.15E-02
dmsD	5.78E-03	2.15E-03
qmcA	5.19E-04	2.13E-03
borD	4.37E-02	2.99E-02
fis	6.56E-02	2.97E-02
slyX	3.83E-03	2.36E-03
yfcN	2.59E-03	2.06E-03
idi	5.70E-04	9.46E-04
zntB	5.39E-04	1.27E-03
rsmD	1.78E-03	1.18E-03
tolA	4.76E-03	1.93E-03
mnaT	2.41E-03	1.21E-03
treB	1.25E-03	2.39E-03
yajD	2.28E-03	3.04E-03
ypeA	2.21E-03	1.72E-03
yciG	6.33E-04	4.64E-04
ycjX	2.68E-03	2.00E-03
yfdC	6.72E-04	1.76E-03
yedQ	7.01E-04	1.59E-03
nadD	1.63E-03	8.25E-04
mdtK	6.27E-04	1.35E-03
yrbA	7.81E-03	3.00E-03
nudJ	1.34E-03	4.31E-04
coaD	1.82E-03	1.21E-03
cyaY	4.01E-03	2.09E-03
yiaJ	4.68E-03	4.43E-03
yobA	4.00E-03	9.89E-04
pabB	3.02E-03	1.22E-03
yjjA	6.07E-03	4.12E-03
focA	1.34E-03	2.67E-03
yhhM	1.35E-03	1.11E-03
fadM	3.16E-04	1.98E-03
sapA	2.01E-03	2.15E-03
ydcH	1.11E-05	9.78E-05
plsX	3.26E-03	2.47E-03
glcD	2.99E-03	1.65E-03
proW	1.86E-03	5.21E-04
fetA	2.95E-03	2.01E-03
hisQ	4.27E-03	4.13E-03
holD	6.53E-04	3.28E-04
deoR	1.25E-03	2.15E-03
yafK	3.74E-03	1.81E-03
ycgB	4.71E-04	7.59E-04
bioH	3.22E-03	1.28E-03
entH	4.36E-04	4.34E-04
yahJ	1.84E-04	6.02E-04
ydjF	1.06E-03	1.09E-03
pspF	1.35E-03	9.51E-04
phoQ	1.11E-03	1.63E-03
rdoA	3.62E-03	1.22E-03
yhjK	3.71E-04	1.19E-03
eutC	6.28E-04	1.87E-03
zapE	2.29E-03	3.14E-03
bcsG	4.36E-03	9.51E-03
ynbE	9.42E-04	8.01E-04
ylbA	1.20E-03	3.09E-03
bioD	1.75E-04	2.18E-04
uidA	1.47E-04	9.84E-05
ompW	1.05E-03	4.95E-03
chaB	1.16E-03	1.06E-03
rnhA	6.90E-04	2.91E-04
baeS	7.91E-04	1.10E-03
cutA	2.41E-04	1.77E-03
rlmF	1.28E-03	1.48E-03
yfbR	2.21E-03	1.52E-03
ybbA	1.21E-03	6.62E-04
yceG	8.11E-04	7.64E-04
ybjS	1.01E-03	6.74E-04
rbsC	3.48E-04	2.46E-03
rssB	8.33E-04	6.11E-04
hemE	2.04E-03	5.71E-04
feoB	1.19E-03	2.38E-03
hemH	1.12E-03	4.13E-04
pqqL	1.42E-03	1.29E-03
alr	9.46E-04	9.12E-04
uvrC	7.52E-05	1.34E-04
dnaT	1.78E-03	9.68E-04
relB	2.68E-03	1.28E-03
rimI	1.23E-03	1.28E-03
yjhU	4.44E-04	1.38E-03
aas	8.45E-04	1.38E-03
dacB	7.18E-04	4.24E-04
rnpA	2.98E-03	2.94E-03
ebgR	1.42E-03	9.08E-04
rfaY	1.94E-04	2.80E-04
puuR	3.70E-03	5.11E-03
glcA	9.89E-05	1.47E-03
basR	5.57E-04	7.96E-04
xylH	4.34E-06	8.96E-07
lhgO	7.51E-04	1.22E-03
frlR	4.88E-04	6.35E-04
ttcA	4.59E-03	1.29E-03
ansB	2.88E-04	7.94E-05
yafC	4.43E-04	5.46E-04
kdpD	4.66E-04	7.40E-04
	1.20E-03	1.09E-03
ydiZ	2.24E-03	3.77E-03
srlR	5.71E-04	9.75E-04
yqjA	1.52E-03	1.01E-03
gcvA	3.13E-04	8.51E-04
appC	9.66E-05	3.90E-05
cysW	2.12E-03	2.93E-03
exuR	2.19E-03	2.46E-03
nagK	5.15E-04	2.81E-04
dsbB	1.20E-03	2.58E-03
metR	2.67E-03	2.45E-03
hycE	1.18E-04	7.10E-05
barA	4.22E-04	8.00E-04
csdA	8.77E-04	1.46E-04
wecF	3.33E-04	3.60E-04
ybjI	1.35E-03	1.34E-03
rpiB	9.20E-04	1.29E-03
cnu	6.42E-04	3.24E-04
ptrB	5.89E-05	2.27E-04
dgt	2.39E-04	3.04E-04
sdhD	6.26E-04	7.79E-04
maa	2.26E-03	1.94E-03
lsrA	5.57E-07	5.21E-07
astD	4.72E-04	7.39E-04
dnaQ	6.54E-04	3.89E-04
nrfA	6.67E-07	7.29E-06
rsfS	1.32E-03	4.28E-04
lsrG	7.25E-05	5.56E-05
eptB	9.04E-05	3.72E-04
flgH	1.87E-05	4.93E-04
xylR	9.04E-05	3.40E-05
cheY	6.50E-04	3.17E-03
cytR	5.56E-04	2.90E-04
fes	3.54E-04	4.56E-05
ydfZ	2.14E-04	1.63E-04
yeiU	7.58E-04	5.96E-04
yebG	5.26E-03	2.80E-03
rseP	5.41E-04	6.81E-04
uhpA	1.37E-03	1.01E-03
atoC	1.79E-04	1.07E-03
tdk	3.57E-03	1.80E-03
tnaB	7.58E-04	1.07E-03
iclR	3.24E-04	4.06E-04
srlE	1.31E-05	6.41E-07
fhuF	2.65E-05	1.50E-04
rph	2.20E-04	1.32E-03
rluF	8.65E-04	2.75E-04
ilvG	5.14E-03	2.25E-03
dedD	1.51E-03	1.13E-03
fliA	5.12E-05	2.88E-04
amiB	1.22E-03	4.33E-04
rsxC	1.36E-03	7.60E-04
eutM	2.24E-04	5.42E-04
rnhB	3.24E-03	6.57E-04
nikA	4.09E-04	1.32E-04
cheA	1.12E-04	2.08E-03
yddH	3.38E-04	3.78E-04
yqcA	4.22E-03	3.80E-03
fucR	3.30E-04	1.10E-03
ubiB	3.31E-04	7.20E-04
sdaA	2.88E-04	1.63E-04
yqcC	2.91E-03	1.20E-03
ftsL	1.33E-03	5.27E-04
pgaB	2.70E-04	1.35E-03
glcF	1.99E-05	1.20E-04
ycfS	1.16E-03	1.61E-04
yqjE	3.04E-04	3.79E-04
shiA	2.70E-03	1.17E-03
ybjX	1.70E-04	8.59E-05
yrdD	1.10E-04	1.22E-04
mglC	3.15E-05	2.08E-03
asr	1.46E-06	1.36E-06
malF	7.40E-05	2.72E-03
dgoA	6.85E-07	6.44E-07
fdoI	6.78E-06	1.18E-05
gltP	5.15E-04	2.13E-04
hyaA	6.37E-07	5.96E-07
galS	5.28E-07	5.01E-07
glpC	4.73E-07	4.48E-07
preT	7.95E-05	7.81E-05
rarA	4.30E-04	4.32E-04
ecnB	2.84E-01	3.42E-01
osmB	4.69E-02	2.19E-02
rpmJ	1.09E-03	2.49E-02
argR	1.83E-02	2.09E-02
ybeY	4.08E-04	3.13E-03
cgtA	8.33E-03	5.19E-03
yecS	5.42E-03	6.66E-03
yjfP	7.27E-03	5.16E-03
cdsA	2.30E-03	3.00E-03
atpE	3.91E-03	2.62E-03
yejL	4.10E-03	2.62E-03
ybdZ	1.45E-03	6.71E-04
ghxP	6.16E-03	9.37E-03
tusA	4.12E-03	4.30E-03
wbbJ	1.48E-03	3.77E-03
mpaA	3.90E-04	2.32E-03
yqiA	8.30E-04	1.37E-03
elaA	4.01E-03	2.88E-03
yhcO	6.27E-04	6.41E-04
mltB	2.19E-03	9.65E-04
sufE	1.23E-04	1.54E-04
yjgM	3.96E-03	2.04E-03
yciS	1.10E-03	3.53E-03
emtA	6.28E-03	2.74E-03
ycjF	1.26E-03	2.64E-03
rsmJ	1.55E-03	7.49E-04
ypdB	7.06E-04	5.46E-04
hicB	4.79E-03	1.81E-03
chaA	2.77E-03	2.33E-03
yecF	3.54E-03	2.05E-03
nuoK	4.12E-03	4.79E-03
ybgJ	5.19E-03	3.64E-03
mltC	2.42E-05	3.98E-04
yraR	3.07E-04	3.15E-04
rpmI	1.03E-03	1.22E-03
ybbO	1.92E-03	2.01E-03
djlA	5.13E-05	3.67E-03
potC	1.47E-03	3.48E-03
folB	4.12E-04	2.73E-03
nuoN	1.73E-03	9.42E-03
btuR	6.01E-03	4.29E-03
folM	1.70E-03	1.15E-03
racR	4.87E-03	1.64E-03
lptC	2.09E-03	2.21E-03
chpB	1.49E-03	1.45E-03
yciA	1.58E-03	9.44E-04
mdtF	3.10E-05	7.34E-05
yciH	1.92E-03	1.22E-03
gntK	5.15E-04	2.09E-04
ycgJ	4.85E-04	4.85E-04
cas1	9.48E-04	1.38E-03
ybhP	4.42E-04	2.58E-04
gadB	5.72E-04	6.29E-04
ychH	6.86E-06	8.01E-05
ycjW	1.76E-03	1.56E-03
glpE	2.57E-04	1.05E-04
mqsA	8.37E-04	4.84E-04
ybjQ	1.65E-03	2.18E-03
rfaH	1.70E-03	1.07E-03
yfhG	4.33E-04	2.01E-04
trmL	1.17E-03	7.36E-04
tamB	6.78E-04	9.10E-04
yeaR	4.20E-05	2.13E-05
rmlA	1.44E-03	1.02E-03
sixA	1.75E-03	8.36E-04
	1.63E-03	7.79E-04
matP	1.51E-03	1.09E-03
nhaB	9.83E-07	1.86E-03
yfcG	8.26E-04	1.05E-03
sbmA	3.39E-04	2.96E-04
ydaM	2.63E-04	2.03E-03
yaiL	2.90E-03	1.85E-03
ispB	4.79E-03	3.18E-03
rbn	3.97E-04	2.04E-04
grxA	2.28E-03	1.25E-03
phoB	3.23E-04	5.18E-04
dppC	2.65E-03	6.91E-03
acpS	1.08E-03	6.86E-04
yedY	1.23E-03	9.08E-04
mazG	9.00E-05	8.68E-05
ydhZ	9.70E-04	4.49E-04
ybiJ	1.07E-03	1.55E-04
apaG	2.99E-04	2.47E-04
tusC	4.65E-04	4.06E-04
bdcR	4.42E-03	1.97E-03
ypfH	2.10E-03	3.36E-04
rpiR	3.11E-03	1.42E-03
ynjB	1.20E-03	5.91E-04
yeaC	1.35E-03	1.11E-03
mobA	8.04E-04	5.80E-04
uxuR	3.82E-04	4.33E-04
yjbD	3.35E-03	1.51E-03
mnmC	8.16E-04	5.49E-04
yfiH	9.77E-04	3.32E-04
dicA	5.10E-04	4.15E-04
rseA	1.77E-03	1.51E-03
nudL	3.41E-04	3.79E-04
nfi	3.34E-04	3.32E-04
yaiI	1.38E-03	8.00E-04
lolE	1.32E-04	2.25E-04
dinI	1.67E-03	3.91E-04
thiB	1.11E-03	1.12E-03
yedK	7.24E-05	8.34E-05
cueR	1.23E-03	1.16E-03
greB	4.12E-05	1.71E-04
rsmF	3.72E-03	4.48E-03
treR	2.71E-04	4.11E-04
yeaJ	9.23E-05	1.56E-04
yrbL	4.69E-04	6.49E-04
cohE	2.15E-04	1.84E-04
yciC	4.50E-04	5.88E-04
yggU	7.92E-04	4.39E-04
yeeD	4.60E-02	8.43E-02
cbl	2.56E-03	4.88E-04
pheP	7.61E-03	1.06E-03
cvrA	1.99E-04	3.88E-04
lpxK	8.47E-04	4.69E-04
mobB	3.97E-04	2.32E-04
yidE	5.52E-05	3.53E-03
nuoM	9.34E-04	2.51E-03
ydfW	2.47E-03	6.52E-04
yifK	5.62E-04	8.05E-04
plsY	8.77E-06	3.97E-04
yhaM	5.15E-04	3.56E-04
cyaA	5.16E-04	1.17E-03
agaV	5.08E-04	1.24E-03
ftsB	5.30E-04	2.19E-04
ybgA	4.93E-07	4.61E-07
holB	9.21E-04	5.48E-04
lipB	8.70E-05	5.01E-05
yefM	1.25E-03	6.63E-04
pncA	1.32E-03	1.15E-03
ycaP	1.90E-04	8.20E-04
yfeA	1.46E-04	5.02E-04
hemD	5.45E-04	4.63E-04
ycgE	9.09E-05	1.41E-04
dtd	1.85E-04	1.25E-04
recC	2.25E-04	4.20E-04
menF	2.04E-04	2.07E-04
ygeR	1.01E-04	1.01E-04
cvpA	2.45E-04	5.28E-04
ulaR	1.42E-03	1.05E-03
yiiQ	4.20E-04	3.94E-04
priB	1.74E-04	1.90E-04
waaU	1.81E-04	5.39E-04
ygdR	5.80E-05	8.44E-04
recG	3.17E-04	8.44E-04
ygeA	1.79E-04	3.01E-03
ispA	5.95E-04	2.79E-04
ybiI	5.04E-05	4.95E-05
gudD	7.49E-05	1.03E-04
ybgL	2.12E-05	4.96E-04
ygbT	1.17E-04	9.72E-05
rlmG	4.64E-06	4.76E-04
yfgJ	8.59E-05	1.23E-03
xerD	5.71E-04	2.58E-04
pmrD	5.93E-05	1.78E-05
rmf	1.26E-03	1.01E-03
fdhD	7.42E-05	4.98E-05
yfeY	1.95E-03	9.13E-04
tatE	5.19E-04	1.80E-04
ytfR	3.09E-05	1.77E-04
yeeE	2.21E-04	5.79E-04
yaiW	4.49E-05	2.90E-05
rcsC	2.61E-04	3.70E-04
mhpE	7.81E-04	3.62E-04
yraQ	6.25E-04	7.20E-04
yqeG	1.09E-06	1.03E-06
garL	1.50E-04	5.91E-04
xylE	7.63E-05	4.10E-05
yjjG	2.75E-03	1.31E-03
yhdP	1.68E-04	6.33E-04
paaJ	1.23E-03	5.77E-04
ypeB	5.58E-04	3.81E-04
ydeH	5.56E-05	3.53E-05
amtB	3.92E-03	5.55E-05
ytfL	9.84E-04	3.78E-03
ybhK	2.17E-04	1.99E-04
nikC	2.69E-04	8.34E-05
arsC	5.36E-05	2.94E-04
yoaC	1.34E-04	1.80E-04
cyoD	2.71E-03	1.22E-03
nei	5.55E-07	2.22E-06
ynaI	1.51E-04	5.52E-04
mutY	2.03E-04	1.20E-04
hybD	4.28E-04	1.18E-04
ynfD	2.22E-05	3.59E-05
rlmD	1.36E-04	1.06E-04
yfeC	2.44E-04	3.73E-04
mrdA	8.78E-04	1.34E-03
rstB	4.73E-04	2.94E-04
ygeV	6.55E-07	4.08E-04
xerC	8.71E-04	8.32E-04
trg	1.88E-05	1.22E-04
sbcB	1.82E-05	2.65E-05
ydbL	1.70E-04	1.76E-04
paaC	2.87E-05	6.88E-05
rmuC	4.83E-05	2.57E-04
ychJ	2.02E-04	8.62E-05
yddM	1.20E-03	8.66E-04
fliF	4.82E-05	1.48E-04
paaB	4.47E-07	4.22E-07
fimC	2.19E-05	1.19E-05
yacG	1.14E-03	6.49E-04
yggW	1.03E-04	2.38E-05
yfiB	1.16E-04	8.42E-05
ybaQ	8.78E-04	6.94E-04
mutM	1.36E-04	2.03E-05
rfaL	6.44E-04	1.16E-03
rspA	7.24E-05	2.57E-05
lgt	3.91E-04	1.00E-03
dusB	1.29E-03	5.39E-04
dcuR	3.80E-05	1.76E-04
rnd	1.47E-04	2.17E-04
ahr	6.19E-05	1.55E-04
yehT	7.89E-05	4.29E-04
yecE	2.06E-05	1.31E-05
acrR	8.57E-04	5.60E-04
arnA	7.93E-04	4.68E-04
yfdH	2.01E-04	2.23E-04
fliJ	4.42E-04	3.87E-04
flgM	2.69E-04	9.70E-04
ampE	2.19E-04	2.54E-04
creB	3.27E-04	2.58E-04
zraP	5.23E-05	5.82E-07
holC	1.23E-04	4.46E-05
mdtB	8.19E-07	2.09E-04
malZ	1.04E-04	6.68E-05
comR	7.26E-05	1.38E-04
uhpT	6.56E-05	2.38E-05
ygdG	1.19E-04	8.79E-05
yhaJ	2.83E-04	2.19E-04
ybdD	9.85E-06	4.40E-07
sbcD	7.91E-04	4.07E-04
yigA	4.40E-04	4.18E-04
uxaB	2.12E-04	3.37E-04
pbpG	4.75E-07	4.49E-07
rtn	7.28E-05	5.68E-04
wecA	8.36E-05	6.44E-04
narI	9.29E-07	8.53E-07
fxsA	1.49E-05	9.05E-04
nuoL	2.05E-04	1.03E-03
dtpA	8.97E-07	8.37E-07
dppB	9.33E-04	3.39E-03
yheU	7.87E-07	7.32E-07
ybjL	7.77E-07	5.46E-05
yehU	7.46E-07	5.52E-04
paaK	6.69E-07	6.29E-07
acrD	1.70E-04	3.54E-05
syd	2.64E-03	1.77E-03
ybjN	3.26E-03	8.25E-04
nadK	1.05E-03	3.03E-04
ynfF	6.13E-07	5.83E-07
gatR	4.00E-05	8.52E-05
wzc	5.94E-07	5.61E-07
yjiM	8.83E-06	2.89E-06
intF	5.64E-07	4.11E-04
yhhK	1.93E-04	1.87E-04
yciB	1.30E-04	1.00E-04
amiC	5.51E-07	7.31E-06
mepA	3.43E-04	1.04E-04
glcE	5.44E-07	5.17E-07
paaE	5.40E-07	4.98E-07
narH	5.36E-07	5.01E-07
yicS	5.21E-07	4.89E-07
ykgE	5.15E-07	4.88E-07
zinT	1.10E-03	4.66E-07
yliI	8.71E-05	4.73E-05
ybjD	1.90E-05	4.95E-05
dusC	4.95E-07	6.00E-07
tilS	6.34E-05	5.99E-04
clpB	3.10E-05	3.41E-05
feoA	4.76E-07	4.45E-07
ybjT	1.74E-04	2.35E-04
ydiE	7.06E-06	1.14E-05
hemA	4.64E-04	7.55E-05
topB	4.41E-05	8.22E-05
soxR	2.27E-05	4.08E-05
yaeQ	6.69E-05	2.41E-05
nth	4.18E-04	1.59E-04
priC	5.44E-04	2.71E-04
ykgG	1.03E-04	6.87E-06
